Feature,SHAP Importance
hemo,0.09960771226414575
sg,0.06385477846497233
al,0.046571470394709095
dm,0.03997735658129269
pe,0.028012522462770563
htn,0.023759697220747857
rbc,0.021217279459376615
bgr,0.019767466295746855
sc,0.0193338855389299
pcv,0.01907848370581771
su,0.018638217061321617
sod,0.015949127318784954
appet,0.015275530216403163
bp,0.012652082401409128
bu,0.0065800922934133345
pot,0.006541827613773444
pc,0.006461803241983389
age,0.004919877992513557
rc,0.004504833547297209
wc,0.004276376750755185
ane,0.004123807372482826
pcc,0.0025744752234187294
ba,0.0023766889314879875
cad,0.0017310553658741884
